id,x,y,width,height,text,type
0,412.0,338.0,67.42857142857143,67.14285714285714,,
1,84.0,163.0,59.0,58.75,,
