dataset,metric,method,value
academic,dice,_,0.813978831232938  
academic,jaccard,_,0.698253093155374
academic,precision,_,0.8236348835863115
academic,recall,_,0.8307761093887138
academic,f1,_,0.813978831232938
