dataset,metric,method,value
academic,dice,_,0.8075520310474666  
academic,jaccard,_,0.68955740289992
academic,precision,_,0.8109317229326531
academic,recall,_,0.8321229917162365
academic,f1,_,0.8075520310474666
